Time, PositionX, PositionY, PositionZ, PositionRX, PositionRY, PositionRZ, PositionJ1, PositionJ2, PositionJ3, PositionJ4, PositionJ5, PositionJ6
2024-11-07 16:40:16.998, 0, 0, 0, 0, 0, 0, 0, 0, 0, 0, 0, 0
2024-11-07 16:40:17.504, 0, 0, 0, 0, 0, 0, 0, 0, 0, 0, 0, 0
2024-11-07 16:40:18.012, 0, 0, 0, 0, 0, 0, 0, 0, 0, 0, 0, 0
2024-11-07 16:40:18.526, 0, 0, 0, 0, 0, 0, 0, 0, 0, 0, 0, 0
2024-11-07 16:40:19.031, 0, 0, 0, 0, 0, 0, 0, 0, 0, 0, 0, 0
2024-11-07 16:40:19.551, 0, 0, 0, 0, 0, 0, 0, 0, 0, 0, 0, 0
2024-11-07 16:40:20.057, 0, 0, 0, 0, 0, 0, 0, 0, 0, 0, 0, 0
2024-11-07 16:40:20.570, 0, 0, 0, 0, 0, 0, 0, 0, 0, 0, 0, 0
2024-11-07 16:40:21.080, 0, 0, 0, 0, 0, 0, 0, 0, 0, 0, 0, 0
2024-11-07 16:40:21.597, 0, 0, 0, 0, 0, 0, 0, 0, 0, 0, 0, 0
2024-11-07 16:40:22.102, 0, 0, 0, 0, 0, 0, 0, 0, 0, 0, 0, 0
2024-11-07 16:40:22.622, 0, 0, 0, 0, 0, 0, 0, 0, 0, 0, 0, 0
2024-11-07 16:40:23.119, 0, 0, 0, 0, 0, 0, 0, 0, 0, 0, 0, 0
2024-11-07 16:40:23.634, 0, 0, 0, 0, 0, 0, 0, 0, 0, 0, 0, 0
2024-11-07 16:40:24.151, 0, 0, 0, 0, 0, 0, 0, 0, 0, 0, 0, 0
2024-11-07 16:40:24.656, 0, 0, 0, 0, 0, 0, 0, 0, 0, 0, 0, 0
2024-11-07 16:40:25.166, 0, 0, 0, 0, 0, 0, 0, 0, 0, 0, 0, 0
2024-11-07 16:40:25.686, 0, 0, 0, 0, 0, 0, 0, 0, 0, 0, 0, 0
2024-11-07 16:40:26.194, 0, 0, 0, 0, 0, 0, 0, 0, 0, 0, 0, 0
2024-11-07 16:40:26.705, 0, 0, 0, 0, 0, 0, 0, 0, 0, 0, 0, 0
2024-11-07 16:40:27.216, 0, 0, 0, 0, 0, 0, 0, 0, 0, 0, 0, 0
2024-11-07 16:40:27.728, 0, 0, 0, 0, 0, 0, 0, 0, 0, 0, 0, 0
2024-11-07 16:40:28.243, 0, 0, 0, 0, 0, 0, 0, 0, 0, 0, 0, 0
2024-11-07 16:40:28.745, 0, 0, 0, 0, 0, 0, 0, 0, 0, 0, 0, 0
2024-11-07 16:40:29.262, 0, 0, 0, 0, 0, 0, 0, 0, 0, 0, 0, 0
2024-11-07 16:40:29.773, -92.98, -274.2, 297.29, -8, -173.14, 19.03, 42.83, -104.81, 110, -108.23, -85.08, -41.49
2024-11-07 16:40:30.283, -92.98, -274.19, 297.3, -8, -173.13, 19.04, 42.82, -104.81, 110, -108.23, -85.08, -41.49
2024-11-07 16:40:30.794, -92.98, -274.19, 297.28, -8.01, -173.14, 19.03, 42.82, -104.81, 110, -108.24, -85.08, -41.49
2024-11-07 16:40:31.306, -92.98, -274.2, 297.29, -8, -173.13, 19.03, 42.83, -104.81, 110, -108.24, -85.08, -41.49
2024-11-07 16:40:31.818, -92.97, -274.2, 297.28, -8, -173.14, 19.03, 42.83, -104.81, 110, -108.23, -85.08, -41.49
2024-11-07 16:40:32.323, -92.97, -274.2, 297.3, -8, -173.14, 19.04, 42.83, -104.81, 110, -108.23, -85.08, -41.49
2024-11-07 16:40:32.835, -92.97, -274.2, 297.3, -8, -173.14, 19.04, 42.83, -104.81, 110, -108.23, -85.08, -41.49
2024-11-07 16:40:33.348, -92.97, -274.2, 297.3, -8, -173.14, 19.04, 42.83, -104.81, 110, -108.23, -85.08, -41.49
2024-11-07 16:40:33.851, -92.97, -274.2, 297.3, -8, -173.14, 19.04, 42.83, -104.81, 110, -108.23, -85.08, -41.49
2024-11-07 16:40:34.362, -92.97, -274.2, 297.3, -8, -173.14, 19.04, 42.83, -104.81, 110, -108.23, -85.08, -41.49
2024-11-07 16:40:34.875, -92.97, -274.2, 297.3, -8, -173.14, 19.04, 42.83, -104.81, 110, -108.23, -85.08, -41.49
2024-11-07 16:40:35.389, -92.97, -274.2, 297.3, -8, -173.14, 19.04, 42.83, -104.81, 110, -108.23, -85.08, -41.49
2024-11-07 16:40:35.899, -92.97, -274.2, 297.3, -8, -173.14, 19.04, 42.83, -104.81, 110, -108.23, -85.08, -41.49
2024-11-07 16:40:36.407, -92.97, -274.2, 297.3, -8, -173.14, 19.04, 42.83, -104.81, 110, -108.23, -85.08, -41.49
2024-11-07 16:40:36.919, -92.97, -274.2, 297.3, -8, -173.14, 19.04, 42.83, -104.81, 110, -108.23, -85.08, -41.49
2024-11-07 16:40:37.433, -92.97, -274.2, 297.3, -8, -173.14, 19.04, 42.83, -104.81, 110, -108.23, -85.08, -41.49
2024-11-07 16:40:37.940, -92.97, -274.2, 297.3, -8, -173.14, 19.04, 42.83, -104.81, 110, -108.23, -85.08, -41.49
2024-11-07 16:40:38.452, -92.97, -274.2, 297.3, -8, -173.14, 19.04, 42.83, -104.81, 110, -108.23, -85.08, -41.49
2024-11-07 16:40:38.970, -92.97, -274.2, 297.3, -8, -173.14, 19.04, 42.83, -104.81, 110, -108.23, -85.08, -41.49
2024-11-07 16:40:39.474, -92.97, -274.2, 297.3, -8, -173.14, 19.04, 42.83, -104.81, 110, -108.23, -85.08, -41.49
2024-11-07 16:40:39.985, -92.97, -274.2, 297.3, -8, -173.14, 19.04, 42.83, -104.81, 110, -108.23, -85.08, -41.49
2024-11-07 16:40:40.500, -92.97, -274.2, 297.3, -8, -173.14, 19.04, 42.83, -104.81, 110, -108.23, -85.08, -41.49
2024-11-07 16:40:41.007, -92.97, -274.2, 297.3, -8, -173.14, 19.04, 42.83, -104.81, 110, -108.23, -85.08, -41.49
2024-11-07 16:40:41.520, -92.97, -274.2, 297.3, -8, -173.14, 19.04, 42.83, -104.81, 110, -108.23, -85.08, -41.49
2024-11-07 16:40:42.038, -92.97, -274.2, 297.3, -8, -173.14, 19.04, 42.83, -104.81, 110, -108.23, -85.08, -41.49
2024-11-07 16:40:42.544, -92.97, -274.2, 297.3, -8, -173.14, 19.04, 42.83, -104.81, 110, -108.23, -85.08, -41.49
2024-11-07 16:40:43.061, -92.97, -274.2, 297.3, -8, -173.14, 19.04, 42.83, -104.81, 110, -108.23, -85.08, -41.49
2024-11-07 16:40:43.580, -92.97, -274.2, 297.3, -8, -173.14, 19.04, 42.83, -104.81, 110, -108.23, -85.08, -41.49
2024-11-07 16:40:44.075, -92.97, -274.2, 297.3, -8, -173.14, 19.04, 42.83, -104.81, 110, -108.23, -85.08, -41.49
2024-11-07 16:40:44.584, -92.97, -274.2, 297.3, -8, -173.14, 19.04, 42.83, -104.81, 110, -108.23, -85.08, -41.49
2024-11-07 16:40:45.095, -92.97, -274.2, 297.3, -8, -173.14, 19.04, 42.83, -104.81, 110, -108.23, -85.08, -41.49
2024-11-07 16:40:45.606, -92.97, -274.2, 297.3, -8, -173.14, 19.04, 42.83, -104.81, 110, -108.23, -85.08, -41.49
2024-11-07 16:40:46.122, -92.97, -274.2, 297.3, -8, -173.14, 19.04, 42.83, -104.81, 110, -108.23, -85.08, -41.49
2024-11-07 16:40:46.628, -92.97, -274.2, 297.3, -8, -173.14, 19.04, 42.83, -104.81, 110, -108.23, -85.08, -41.49
2024-11-07 16:40:47.139, -92.97, -274.2, 297.3, -8, -173.14, 19.04, 42.83, -104.81, 110, -108.23, -85.08, -41.49
2024-11-07 16:40:47.651, -92.97, -274.2, 297.3, -8, -173.14, 19.04, 42.83, -104.81, 110, -108.23, -85.08, -41.49
2024-11-07 16:40:48.162, -92.97, -274.2, 297.3, -8, -173.14, 19.04, 42.83, -104.81, 110, -108.23, -85.08, -41.49
2024-11-07 16:40:48.675, -92.97, -274.2, 297.3, -8, -173.14, 19.04, 42.83, -104.81, 110, -108.23, -85.08, -41.49
2024-11-07 16:40:49.184, -92.97, -274.2, 297.3, -8, -173.14, 19.04, 42.83, -104.81, 110, -108.23, -85.08, -41.49
2024-11-07 16:40:49.695, -92.97, -274.2, 297.3, -8, -173.14, 19.04, 42.83, -104.81, 110, -108.23, -85.08, -41.49
2024-11-07 16:40:50.206, -92.97, -274.2, 297.3, -8, -173.14, 19.04, 42.83, -104.81, 110, -108.23, -85.08, -41.49
2024-11-07 16:40:50.718, -92.97, -274.2, 297.3, -8, -173.14, 19.04, 42.83, -104.81, 110, -108.23, -85.08, -41.49
2024-11-07 16:40:51.228, -92.97, -274.2, 297.3, -8, -173.14, 19.04, 42.83, -104.81, 110, -108.23, -85.08, -41.49
2024-11-07 16:40:51.741, -92.97, -274.2, 297.3, -8, -173.14, 19.04, 42.83, -104.81, 110, -108.23, -85.08, -41.49
2024-11-07 16:40:52.251, -92.97, -274.2, 297.3, -8, -173.14, 19.04, 42.83, -104.81, 110, -108.23, -85.08, -41.49
2024-11-07 16:40:52.766, -92.97, -274.2, 297.3, -8, -173.14, 19.04, 42.83, -104.81, 110, -108.23, -85.08, -41.49
2024-11-07 16:40:53.281, -92.97, -274.2, 297.3, -8, -173.14, 19.04, 42.83, -104.81, 110, -108.23, -85.08, -41.49
2024-11-07 16:40:53.785, -92.97, -274.2, 297.3, -8, -173.14, 19.04, 42.83, -104.81, 110, -108.23, -85.08, -41.49
2024-11-07 16:40:54.296, -92.97, -274.2, 297.3, -8, -173.14, 19.04, 42.83, -104.81, 110, -108.23, -85.08, -41.49
2024-11-07 16:40:54.807, -92.97, -274.2, 297.3, -8, -173.14, 19.04, 42.83, -104.81, 110, -108.23, -85.08, -41.49
2024-11-07 16:40:55.319, -92.97, -274.2, 297.3, -8, -173.14, 19.04, 42.83, -104.81, 110, -108.23, -85.08, -41.49
2024-11-07 16:40:55.830, -92.97, -274.2, 297.3, -8, -173.14, 19.04, 42.83, -104.81, 110, -108.23, -85.08, -41.49
2024-11-07 16:40:56.342, -92.97, -274.2, 297.3, -8, -173.14, 19.04, 42.83, -104.81, 110, -108.23, -85.08, -41.49
2024-11-07 16:40:56.853, -92.97, -274.2, 297.3, -8, -173.14, 19.04, 42.83, -104.81, 110, -108.23, -85.08, -41.49
2024-11-07 16:40:57.363, -92.97, -274.2, 297.3, -8, -173.14, 19.04, 42.83, -104.81, 110, -108.23, -85.08, -41.49
2024-11-07 16:40:57.875, -92.97, -274.2, 297.3, -8, -173.14, 19.04, 42.83, -104.81, 110, -108.23, -85.08, -41.49
2024-11-07 16:40:58.385, -92.97, -274.2, 297.3, -8, -173.14, 19.04, 42.83, -104.81, 110, -108.23, -85.08, -41.49
2024-11-07 16:40:58.901, -92.97, -274.2, 297.3, -8, -173.14, 19.04, 42.83, -104.81, 110, -108.23, -85.08, -41.49
2024-11-07 16:40:59.409, -92.97, -274.2, 297.3, -8, -173.14, 19.04, 42.83, -104.81, 110, -108.23, -85.08, -41.49
2024-11-07 16:40:59.919, -92.97, -274.2, 297.3, -8, -173.14, 19.04, 42.83, -104.81, 110, -108.23, -85.08, -41.49
2024-11-07 16:41:00.430, -92.97, -274.2, 297.3, -8, -173.14, 19.04, 42.83, -104.81, 110, -108.23, -85.08, -41.49
2024-11-07 16:41:00.946, -92.97, -274.2, 297.3, -8, -173.14, 19.04, 42.83, -104.81, 110, -108.23, -85.08, -41.49
2024-11-07 16:41:01.451, -92.97, -274.2, 297.3, -8, -173.14, 19.04, 42.83, -104.81, 110, -108.23, -85.08, -41.49
2024-11-07 16:41:01.970, -92.97, -274.2, 297.3, -8, -173.14, 19.04, 42.83, -104.81, 110, -108.23, -85.08, -41.49
2024-11-07 16:41:02.476, -92.97, -274.2, 297.3, -8, -173.14, 19.04, 42.83, -104.81, 110, -108.23, -85.08, -41.49
2024-11-07 16:41:02.990, -92.97, -274.2, 297.3, -8, -173.14, 19.04, 42.83, -104.81, 110, -108.23, -85.08, -41.49
2024-11-07 16:41:03.494, -92.97, -274.2, 297.3, -8, -173.14, 19.04, 42.83, -104.81, 110, -108.23, -85.08, -41.49
2024-11-07 16:41:04.017, -92.97, -274.2, 297.3, -8, -173.14, 19.04, 42.83, -104.81, 110, -108.23, -85.08, -41.49
2024-11-07 16:41:04.520, -92.97, -274.2, 297.3, -8, -173.14, 19.04, 42.83, -104.81, 110, -108.23, -85.08, -41.49
2024-11-07 16:41:05.028, -92.97, -274.2, 297.3, -8, -173.14, 19.04, 42.83, -104.81, 110, -108.23, -85.08, -41.49
2024-11-07 16:41:05.540, -92.97, -274.2, 297.3, -8, -173.14, 19.04, 42.83, -104.81, 110, -108.23, -85.08, -41.49
2024-11-07 16:41:06.051, -92.97, -274.2, 297.3, -8, -173.14, 19.04, 42.83, -104.81, 110, -108.23, -85.08, -41.49
2024-11-07 16:41:06.565, -92.97, -274.2, 297.3, -8, -173.14, 19.04, 42.83, -104.81, 110, -108.23, -85.08, -41.49
2024-11-07 16:41:07.089, -92.97, -274.2, 297.3, -8, -173.14, 19.04, 42.83, -104.81, 110, -108.23, -85.08, -41.49
2024-11-07 16:41:07.594, -92.97, -274.2, 297.3, -8, -173.14, 19.04, 42.83, -104.81, 110, -108.23, -85.08, -41.49
2024-11-07 16:41:08.108, -92.97, -274.2, 297.3, -8, -173.14, 19.04, 42.83, -104.81, 110, -108.23, -85.08, -41.49
2024-11-07 16:41:08.605, -92.97, -274.2, 297.3, -8, -173.14, 19.04, 42.83, -104.81, 110, -108.23, -85.08, -41.49
2024-11-07 16:41:09.117, -92.97, -274.2, 297.3, -8, -173.14, 19.04, 42.83, -104.81, 110, -108.23, -85.08, -41.49
2024-11-07 16:41:09.629, -92.97, -274.2, 297.3, -8, -173.14, 19.04, 42.83, -104.81, 110, -108.23, -85.08, -41.49
2024-11-07 16:41:10.152, -92.97, -274.2, 297.3, -8, -173.14, 19.04, 42.83, -104.81, 110, -108.23, -85.08, -41.49
2024-11-07 16:41:10.665, -92.97, -274.2, 297.3, -8, -173.14, 19.04, 42.83, -104.81, 110, -108.23, -85.08, -41.49
2024-11-07 16:41:11.162, -92.97, -274.2, 297.3, -8, -173.14, 19.04, 42.83, -104.81, 110, -108.23, -85.08, -41.49
2024-11-07 16:41:11.675, -92.97, -274.2, 297.3, -8, -173.14, 19.04, 42.83, -104.81, 110, -108.23, -85.08, -41.49
2024-11-07 16:41:12.189, -92.97, -274.2, 297.3, -8, -173.14, 19.04, 42.83, -104.81, 110, -108.23, -85.08, -41.49
2024-11-07 16:41:12.693, -92.97, -274.2, 297.3, -8, -173.14, 19.04, 42.83, -104.81, 110, -108.23, -85.08, -41.49
2024-11-07 16:41:13.221, -92.97, -274.2, 297.3, -8, -173.14, 19.04, 42.83, -104.81, 110, -108.23, -85.08, -41.49
2024-11-07 16:41:13.721, -92.97, -274.2, 297.3, -8, -173.14, 19.04, 42.83, -104.81, 110, -108.23, -85.08, -41.49
2024-11-07 16:41:14.240, -92.97, -274.2, 297.3, -8, -173.14, 19.04, 42.83, -104.81, 110, -108.23, -85.08, -41.49
2024-11-07 16:41:14.740, -92.97, -274.2, 297.3, -8, -173.14, 19.04, 42.83, -104.81, 110, -108.23, -85.08, -41.49
2024-11-07 16:41:15.253, -92.97, -274.2, 297.3, -8, -173.14, 19.04, 42.83, -104.81, 110, -108.23, -85.08, -41.49
2024-11-07 16:41:15.762, -92.97, -274.2, 297.3, -8, -173.14, 19.04, 42.83, -104.81, 110, -108.23, -85.08, -41.49
2024-11-07 16:41:16.289, -92.97, -274.2, 297.3, -8, -173.14, 19.04, 42.83, -104.81, 110, -108.23, -85.08, -41.49
2024-11-07 16:41:16.794, -92.97, -274.2, 297.3, -8, -173.14, 19.04, 42.83, -104.81, 110, -108.23, -85.08, -41.49
2024-11-07 16:41:17.293, -92.97, -274.2, 297.3, -8, -173.14, 19.04, 42.83, -104.81, 110, -108.23, -85.08, -41.49
2024-11-07 16:41:17.808, -92.97, -274.2, 297.3, -8, -173.14, 19.04, 42.83, -104.81, 110, -108.23, -85.08, -41.49
2024-11-07 16:41:18.318, -92.97, -274.2, 297.3, -8, -173.14, 19.04, 42.83, -104.81, 110, -108.23, -85.08, -41.49
2024-11-07 16:41:18.838, -92.97, -274.2, 297.3, -8, -173.14, 19.04, 42.83, -104.81, 110, -108.23, -85.08, -41.49
2024-11-07 16:41:19.346, -92.97, -274.2, 297.3, -8, -173.14, 19.04, 42.83, -104.81, 110, -108.23, -85.08, -41.49
2024-11-07 16:41:19.856, -92.97, -274.2, 297.3, -8, -173.14, 19.04, 42.83, -104.81, 110, -108.23, -85.08, -41.49
2024-11-07 16:41:20.361, -92.97, -274.2, 297.3, -8, -173.14, 19.04, 42.83, -104.81, 110, -108.23, -85.08, -41.49
2024-11-07 16:41:20.871, -92.97, -274.2, 297.3, -8, -173.14, 19.04, 42.83, -104.81, 110, -108.23, -85.08, -41.49
2024-11-07 16:41:21.390, -92.97, -274.2, 297.3, -8, -173.14, 19.04, 42.83, -104.81, 110, -108.23, -85.08, -41.49
2024-11-07 16:41:21.906, -92.97, -274.2, 297.3, -8, -173.14, 19.04, 42.83, -104.81, 110, -108.23, -85.08, -41.49
2024-11-07 16:41:22.410, -92.97, -274.2, 297.3, -8, -173.14, 19.04, 42.83, -104.81, 110, -108.23, -85.08, -41.49
2024-11-07 16:41:22.921, -92.97, -274.2, 297.3, -8, -173.14, 19.04, 42.83, -104.81, 110, -108.23, -85.08, -41.49
2024-11-07 16:41:23.426, -92.97, -274.2, 297.3, -8, -173.14, 19.04, 42.83, -104.81, 110, -108.23, -85.08, -41.49
2024-11-07 16:41:23.942, -92.97, -274.2, 297.3, -8, -173.14, 19.04, 42.83, -104.81, 110, -108.23, -85.08, -41.49
2024-11-07 16:41:24.460, -92.97, -274.2, 297.3, -8, -173.14, 19.04, 42.83, -104.81, 110, -108.23, -85.08, -41.49
2024-11-07 16:41:24.958, -92.97, -274.2, 297.3, -8, -173.14, 19.04, 42.83, -104.81, 110, -108.23, -85.08, -41.49
2024-11-07 16:41:25.470, -92.97, -274.2, 297.3, -8, -173.14, 19.04, 42.83, -104.81, 110, -108.23, -85.08, -41.49
2024-11-07 16:41:25.979, -92.97, -274.2, 297.3, -8, -173.14, 19.04, 42.83, -104.81, 110, -108.23, -85.08, -41.49
2024-11-07 16:41:26.503, -92.97, -274.2, 297.3, -8, -173.14, 19.04, 42.83, -104.81, 110, -108.23, -85.08, -41.49
2024-11-07 16:41:27.011, -92.97, -274.2, 297.3, -8, -173.14, 19.04, 42.83, -104.81, 110, -108.23, -85.08, -41.49
2024-11-07 16:41:27.519, -92.97, -274.2, 297.3, -8, -173.14, 19.04, 42.83, -104.81, 110, -108.23, -85.08, -41.49
2024-11-07 16:41:28.026, -92.97, -274.2, 297.3, -8, -173.14, 19.04, 42.83, -104.81, 110, -108.23, -85.08, -41.49
2024-11-07 16:41:28.535, -92.97, -274.2, 297.3, -8, -173.14, 19.04, 42.83, -104.81, 110, -108.23, -85.08, -41.49
2024-11-07 16:41:29.049, -92.97, -274.2, 297.3, -8, -173.14, 19.04, 42.83, -104.81, 110, -108.23, -85.08, -41.49
2024-11-07 16:41:29.566, -92.97, -274.2, 297.3, -8, -173.14, 19.04, 42.83, -104.81, 110, -108.23, -85.08, -41.49
2024-11-07 16:41:30.072, -92.97, -274.2, 297.3, -8, -173.14, 19.04, 42.83, -104.81, 110, -108.23, -85.08, -41.49
2024-11-07 16:41:30.583, -92.97, -274.2, 297.3, -8, -173.14, 19.04, 42.83, -104.81, 110, -108.23, -85.08, -41.49
2024-11-07 16:41:31.093, -92.97, -274.2, 297.3, -8, -173.14, 19.04, 42.83, -104.81, 110, -108.23, -85.08, -41.49
2024-11-07 16:41:31.604, -92.97, -274.2, 297.3, -8, -173.14, 19.04, 42.83, -104.81, 110, -108.23, -85.08, -41.49
2024-11-07 16:41:32.115, -92.97, -274.2, 297.3, -8, -173.14, 19.04, 42.83, -104.81, 110, -108.23, -85.08, -41.49
2024-11-07 16:41:32.626, -92.97, -274.2, 297.3, -8, -173.14, 19.04, 42.83, -104.81, 110, -108.23, -85.08, -41.49
2024-11-07 16:41:33.143, -92.97, -274.2, 297.3, -8, -173.14, 19.04, 42.83, -104.81, 110, -108.23, -85.08, -41.49
2024-11-07 16:41:33.657, -92.97, -274.2, 297.3, -8, -173.14, 19.04, 42.83, -104.81, 110, -108.23, -85.08, -41.49
2024-11-07 16:41:34.161, -92.97, -274.2, 297.3, -8, -173.14, 19.04, 42.83, -104.81, 110, -108.23, -85.08, -41.49
2024-11-07 16:41:34.669, -92.97, -274.2, 297.3, -8, -173.14, 19.04, 42.83, -104.81, 110, -108.23, -85.08, -41.49
2024-11-07 16:41:35.187, -92.97, -274.2, 297.3, -8, -173.14, 19.04, 42.83, -104.81, 110, -108.23, -85.08, -41.49
2024-11-07 16:41:35.698, -92.97, -274.2, 297.3, -8, -173.14, 19.04, 42.83, -104.81, 110, -108.23, -85.08, -41.49
2024-11-07 16:41:36.209, -92.97, -274.2, 297.3, -8, -173.14, 19.04, 42.83, -104.81, 110, -108.23, -85.08, -41.49
2024-11-07 16:41:36.719, -92.97, -274.2, 297.3, -8, -173.14, 19.04, 42.83, -104.81, 110, -108.23, -85.08, -41.49
2024-11-07 16:41:37.232, -92.97, -274.2, 297.3, -8, -173.14, 19.04, 42.83, -104.81, 110, -108.23, -85.08, -41.49
2024-11-07 16:41:37.739, -92.97, -274.2, 297.3, -8, -173.14, 19.04, 42.83, -104.81, 110, -108.23, -85.08, -41.49
2024-11-07 16:41:38.251, -92.97, -274.2, 297.3, -8, -173.14, 19.04, 42.83, -104.81, 110, -108.23, -85.08, -41.49
2024-11-07 16:41:38.767, -92.97, -274.2, 297.3, -8, -173.14, 19.04, 42.83, -104.81, 110, -108.23, -85.08, -41.49
2024-11-07 16:41:39.277, -92.97, -274.2, 297.3, -8, -173.14, 19.04, 42.83, -104.81, 110, -108.23, -85.08, -41.49
2024-11-07 16:41:39.791, -92.97, -274.2, 297.3, -8, -173.14, 19.04, 42.83, -104.81, 110, -108.23, -85.08, -41.49
2024-11-07 16:41:40.291, -92.97, -274.2, 297.3, -8, -173.14, 19.04, 42.83, -104.81, 110, -108.23, -85.08, -41.49
2024-11-07 16:41:40.809, -92.97, -274.2, 297.3, -8, -173.14, 19.04, 42.83, -104.81, 110, -108.23, -85.08, -41.49
2024-11-07 16:41:41.320, -92.97, -274.2, 297.3, -8, -173.14, 19.04, 42.83, -104.81, 110, -108.23, -85.08, -41.49
2024-11-07 16:41:41.832, -92.97, -274.2, 297.3, -8, -173.14, 19.04, 42.83, -104.81, 110, -108.23, -85.08, -41.49
2024-11-07 16:41:42.334, -92.97, -274.2, 297.3, -8, -173.14, 19.04, 42.83, -104.81, 110, -108.23, -85.08, -41.49
2024-11-07 16:41:42.854, -92.97, -274.2, 297.3, -8, -173.14, 19.04, 42.83, -104.81, 110, -108.23, -85.08, -41.49
2024-11-07 16:41:43.364, -92.97, -274.2, 297.3, -8, -173.14, 19.04, 42.83, -104.81, 110, -108.23, -85.08, -41.49
2024-11-07 16:41:43.875, -92.97, -274.2, 297.3, -8, -173.14, 19.04, 42.83, -104.81, 110, -108.23, -85.08, -41.49
2024-11-07 16:41:44.386, -92.97, -274.2, 297.3, -8, -173.14, 19.04, 42.83, -104.81, 110, -108.23, -85.08, -41.49
2024-11-07 16:41:44.898, -92.97, -274.2, 297.3, -8, -173.14, 19.04, 42.83, -104.81, 110, -108.23, -85.08, -41.49
2024-11-07 16:41:45.409, -92.97, -274.2, 297.3, -8, -173.14, 19.04, 42.83, -104.81, 110, -108.23, -85.08, -41.49
2024-11-07 16:41:45.920, -92.97, -274.2, 297.3, -8, -173.14, 19.04, 42.83, -104.81, 110, -108.23, -85.08, -41.49
2024-11-07 16:41:46.431, -92.97, -274.2, 297.3, -8, -173.14, 19.04, 42.83, -104.81, 110, -108.23, -85.08, -41.49
2024-11-07 16:41:46.943, -92.97, -274.2, 297.3, -8, -173.14, 19.04, 42.83, -104.81, 110, -108.23, -85.08, -41.49
2024-11-07 16:41:47.453, -92.97, -274.2, 297.3, -8, -173.14, 19.04, 42.83, -104.81, 110, -108.23, -85.08, -41.49
2024-11-07 16:41:47.957, -92.97, -274.2, 297.3, -8, -173.14, 19.04, 42.83, -104.81, 110, -108.23, -85.08, -41.49
2024-11-07 16:41:48.475, -92.97, -274.2, 297.3, -8, -173.14, 19.04, 42.83, -104.81, 110, -108.23, -85.08, -41.49
2024-11-07 16:41:48.987, -92.97, -274.2, 297.3, -8, -173.14, 19.04, 42.83, -104.81, 110, -108.23, -85.08, -41.49
2024-11-07 16:41:49.487, -92.97, -274.2, 297.3, -8, -173.14, 19.04, 42.83, -104.81, 110, -108.23, -85.08, -41.49
2024-11-07 16:41:50.001, -92.97, -274.2, 297.3, -8, -173.14, 19.04, 42.83, -104.81, 110, -108.23, -85.08, -41.49
2024-11-07 16:41:50.513, -92.97, -274.2, 297.3, -8, -173.14, 19.04, 42.83, -104.81, 110, -108.23, -85.08, -41.49
2024-11-07 16:41:51.033, -92.97, -274.2, 297.3, -8, -173.14, 19.04, 42.83, -104.81, 110, -108.23, -85.08, -41.49
2024-11-07 16:41:51.539, -92.97, -274.2, 297.3, -8, -173.14, 19.04, 42.83, -104.81, 110, -108.23, -85.08, -41.49
2024-11-07 16:41:52.045, -92.97, -274.2, 297.3, -8, -173.14, 19.04, 42.83, -104.81, 110, -108.23, -85.08, -41.49
2024-11-07 16:41:52.557, -92.97, -274.2, 297.3, -8, -173.14, 19.04, 42.83, -104.81, 110, -108.23, -85.08, -41.49
2024-11-07 16:41:53.069, -92.97, -274.2, 297.3, -8, -173.14, 19.04, 42.83, -104.81, 110, -108.23, -85.08, -41.49
2024-11-07 16:41:53.583, -92.97, -274.2, 297.3, -8, -173.14, 19.04, 42.83, -104.81, 110, -108.23, -85.08, -41.49
2024-11-07 16:41:54.098, -92.97, -274.2, 297.3, -8, -173.14, 19.04, 42.83, -104.81, 110, -108.23, -85.08, -41.49
2024-11-07 16:41:54.601, -92.97, -274.2, 297.3, -8, -173.14, 19.04, 42.83, -104.81, 110, -108.23, -85.08, -41.49
2024-11-07 16:41:55.121, -92.97, -274.2, 297.3, -8, -173.14, 19.04, 42.83, -104.81, 110, -108.23, -85.08, -41.49
2024-11-07 16:41:55.632, -92.97, -274.2, 297.3, -8, -173.14, 19.04, 42.83, -104.81, 110, -108.23, -85.08, -41.49
2024-11-07 16:41:56.132, -92.97, -274.2, 297.3, -8, -173.14, 19.04, 42.83, -104.81, 110, -108.23, -85.08, -41.49
2024-11-07 16:41:56.642, -92.97, -274.2, 297.3, -8, -173.14, 19.04, 42.83, -104.81, 110, -108.23, -85.08, -41.49
2024-11-07 16:41:57.154, -92.97, -274.2, 297.3, -8, -173.14, 19.04, 42.83, -104.81, 110, -108.23, -85.08, -41.49
2024-11-07 16:41:57.668, -92.97, -274.2, 297.3, -8, -173.14, 19.04, 42.83, -104.81, 110, -108.23, -85.08, -41.49
2024-11-07 16:41:58.183, -92.97, -274.2, 297.3, -8, -173.14, 19.04, 42.83, -104.81, 110, -108.23, -85.08, -41.49
2024-11-07 16:41:58.689, -92.97, -274.2, 297.3, -8, -173.14, 19.04, 42.83, -104.81, 110, -108.23, -85.08, -41.49
2024-11-07 16:41:59.198, -92.97, -274.2, 297.3, -8, -173.14, 19.04, 42.83, -104.81, 110, -108.23, -85.08, -41.49
2024-11-07 16:41:59.709, -92.97, -274.2, 297.3, -8, -173.14, 19.04, 42.83, -104.81, 110, -108.23, -85.08, -41.49
2024-11-07 16:42:00.221, -92.97, -274.2, 297.3, -8, -173.14, 19.04, 42.83, -104.81, 110, -108.23, -85.08, -41.49
2024-11-07 16:42:00.731, -92.97, -274.2, 297.3, -8, -173.14, 19.04, 42.83, -104.81, 110, -108.23, -85.08, -41.49
2024-11-07 16:42:01.242, -92.97, -274.2, 297.3, -8, -173.14, 19.04, 42.83, -104.81, 110, -108.23, -85.08, -41.49
2024-11-07 16:42:01.753, -92.97, -274.2, 297.3, -8, -173.14, 19.04, 42.83, -104.81, 110, -108.23, -85.08, -41.49
2024-11-07 16:42:02.265, -92.97, -274.2, 297.3, -8, -173.14, 19.04, 42.83, -104.81, 110, -108.23, -85.08, -41.49
2024-11-07 16:42:02.776, -92.97, -274.2, 297.3, -8, -173.14, 19.04, 42.83, -104.81, 110, -108.23, -85.08, -41.49
2024-11-07 16:42:03.288, -92.97, -274.2, 297.3, -8, -173.14, 19.04, 42.83, -104.81, 110, -108.23, -85.08, -41.49
2024-11-07 16:42:03.798, -92.97, -274.2, 297.3, -8, -173.14, 19.04, 42.83, -104.81, 110, -108.23, -85.08, -41.49
2024-11-07 16:42:04.314, -92.97, -274.2, 297.3, -8, -173.14, 19.04, 42.83, -104.81, 110, -108.23, -85.08, -41.49
2024-11-07 16:42:04.825, -92.97, -274.2, 297.3, -8, -173.14, 19.04, 42.83, -104.81, 110, -108.23, -85.08, -41.49
2024-11-07 16:42:05.336, -92.97, -274.2, 297.3, -8, -173.14, 19.04, 42.83, -104.81, 110, -108.23, -85.08, -41.49
2024-11-07 16:42:05.847, -92.97, -274.2, 297.3, -8, -173.14, 19.04, 42.83, -104.81, 110, -108.23, -85.08, -41.49
2024-11-07 16:42:06.359, -92.97, -274.2, 297.3, -8, -173.14, 19.04, 42.83, -104.81, 110, -108.23, -85.08, -41.49
2024-11-07 16:42:06.870, -92.97, -274.2, 297.3, -8, -173.14, 19.04, 42.83, -104.81, 110, -108.23, -85.08, -41.49
